City,avg_income
Marin,55536.17284
San Mateo,53943.90625
Santa Clara,53233.42928
Orange,50106.67901
Contra Costa,46892.05902
Ventura,46610.91799
Santa Cruz,39616.29897
Santa Barbara,39470.6381
Placer,39456.26984
San Francisco,39453.26655
Solano,38904.07389
Los Angeles,38871.65164
